Workbook

Sheet R2
A1: leads | B1: pers_vec_noarea (=B(N=1)) | C1: pers_vec_nocount_nooverlap | D1: pers_vec_nooverlap | E1: pers_vec_nocount | F1: PCV | H1: Betti N = 1 | I1: N=5 | J1: N=10 | K1: N=100
A2: all | B2: 2.9374 | C2: 3.0959 | D2: 3.1463 | E2: 3.3726 | F2: 3.2685 | H2: 4.5892 | I2: 6.9119 | J2: 10.0088 | K2: 66.6978
A3: v1 | B3: 2.9072 | C3: 3.0948 | D3: 3.145 | E3: 3.3666 | F3: 3.2693 | H3: 4.6105 | I3: 6.8999 | J3: 9.9609 | K3: 66.1139
A4: v2 | B4: 2.911 | C4: 3.1211 | D4: 3.107 | E4: 3.2742 | F4: 3.2795 | H4: 4.5829 | I4: 6.883 | J4: 9.9531 | K4: 66.0694
A5: v3 | B5: 2.9135 | C5: 3.074 | D5: 3.136 | E5: 3.2713 | F5: 3.329 | H5: 4.5837 | I5: 6.8645 | J5: 9.9402 | K5: 65.9925
A6: v1 & v2 | B6: 2.934 | C6: 3.0762 | D6: 3.118 | E6: 3.2865 | F6: 3.3188 | H6: 4.6097 | I6: 6.8833 | J6: 9.9719 | K6: 66.218
A7: v1 & v3 | B7: 2.8861 | C7: 3.1103 | D7: 3.1248 | E7: 3.2694 | F7: 3.2977 | H7: 4.5922 | I7: 6.9032 | J7: 10.0004 | K7: 66.5468
A8: v2 & v3 | B8: 2.9113 | C8: 3.2004 | D8: 3.1969 | E8: 3.2516 | F8: 3.291 | H8: 4.6517 | I8: 6.9313 | J8: 10.0236 | K8: 66.4066
A9: average | B9: =AVERAGE(B2:B8) -> 2.9143571 | C9: =AVERAGE(C2:C8) -> 3.1103857 | D9: =AVERAGE(D2:D8) -> 3.1391429 | E9: =AVERAGE(E2:E8) -> 3.2988857 | F9: =AVERAGE(F2:F8) -> 3.2934 | H9: =AVERAGE(H2:H8) -> 4.6028429 | I9: =AVERAGE(I2:I8) -> 6.8967286 | J9: =AVERAGE(J2:J8) -> 9.9798429 | K9: =AVERAGE(K2:K8) -> 66.292143
A13: With the seven
A14: leads | B14: pers_vec_noarea (=B(N=1)) | C14: pers_vec_nocount_nooverlap | D14: pers_vec_nooverlap | E14: pers_vec_nocount | F14: PCV | H14: Betti N = 1 | I14: N=5 | J14: N=10 | K14: N=100
A15: all | B15: 2.9744 | C15: 3.1313 | D15: 3.171 | E15: 3.1977 | F15: 3.1871 | H15: 4.6827 | I15: 11.6954 | J15: 21.8534 | K15: 89.4815
A16: v1 | B16: 2.9818 | C16: 3.1598 | D16: 3.2107 | E16: 3.3118 | F16: 3.1548 | H16: 4.6617 | I16: 11.6749 | J16: 21.8351 | K16: 89.5163
A17: v2 | B17: 2.9332 | C17: 3.1437 | D17: 3.1734 | E17: 3.2068 | F17: 3.1425 | H17: 4.6541 | I17: 11.6516 | J17: 21.7957 | K17: 89.3428
A18: v3 | B18: 2.9693 | C18: 3.1273 | D18: 3.1148 | E18: 3.1405 | F18: 3.1886 | H18: 4.6819 | I18: 11.7141 | J18: 21.9112 | K18: 89.9399
A19: v1 & v2 | B19: 2.9312 | C19: 3.1486 | D19: 3.1911 | E19: 3.2979 | F19: 3.146 | H19: 4.6593 | I19: 11.6608 | J19: 21.8001 | K19: 89.369
A20: v1 & v3 | B20: 2.9499 | C20: 3.1399 | D20: 3.1221 | E20: 3.2567 | F20: 3.1566 | H20: 4.4908 | I20: 11.4389 | J20: 21.5744 | K20: 89.0192
A21: v2 & v3 | B21: 2.9593 | C21: 3.1223 | D21: 3.1706 | E21: 3.1968 | F21: 3.1587 | H21: 4.6621 | I21: 11.6729 | J21: 21.8229 | K21: 89.4112
A22: average | B22: =AVERAGE(B15:B21) -> 2.9570143 | C22: =AVERAGE(C15:C21) -> 3.1389857 | D22: =AVERAGE(D15:D21) -> 3.1648143 | E22: =AVERAGE(E15:E21) -> 3.2297429 | F22: =AVERAGE(F15:F21) -> 3.1620429 | H22: =AVERAGE(H15:H21) -> 4.6418 | I22: =AVERAGE(I15:I21) -> 11.644086 | J22: =AVERAGE(J15:J21) -> 21.798971 | K22: =AVERAGE(K15:K21) -> 89.439986

Sheet R3
A1: leads | B1: pers_vec_noarea (=B(N=1)) | C1: pers_vec_nocount_nooverlap | D1: pers_vec_nooverlap | E1: pers_vec_nocount | F1: PCV | H1: Betti N = 1 | I1: N=5 | J1: N=10 | K1: N=100
A2: all | B2: 3.1141 | C2: 3.3341 | D2: 3.3394 | E2: 3.6111 | F2: 3.5761 | H2: 4.9726 | I2: 7.4893 | J2: 10.9734 | K2: 73.5546
A3: v1 | B3: 3.1064 | C3: 3.3261 | D3: 3.339 | E3: 3.607 | F3: 3.5462 | H3: 4.9519 | I3: 7.5193 | J3: 10.9564 | K3: 73.5061
A4: v2 | B4: 3.1159 | C4: 3.3301 | D4: 3.3379 | E4: 3.4949 | F4: 3.5242 | H4: 4.9567 | I4: 7.5083 | J4: 10.9506 | K4: 73.3681
A5: v3 | B5: 3.1577 | C5: 3.3207 | D5: 3.3273 | E5: 3.5167 | F5: 3.5217 | H5: 5.0577 | I5: 7.7184 | J5: 11.3796 | K5: 77.0993
A6: v1 & v2 | B6: 3.1339 | C6: 3.3341 | D6: 3.3691 | E6: 3.5436 | F6: 3.5528 | H6: 4.9589 | I6: 7.5029 | J6: 10.937 | K6: 73.4417
A7: v1 & v3 | B7: 3.124 | C7: 3.3061 | D7: 3.3739 | E7: 3.4871 | F7: 3.4979 | H7: 4.9378 | I7: 7.5226 | J7: 11.0197 | K7: 74.0824
A8: v2 & v3 | B8: 3.1837 | C8: 3.3037 | D8: 3.328 | E8: 3.5081 | F8: 3.5151 | H8: 5.0107 | I8: 7.5742 | J8: 11.0396 | K8: 74.0933
A9: average | B9: =AVERAGE(B2:B8) -> 3.1336714 | C9: =AVERAGE(C2:C8) -> 3.3221286 | D9: =AVERAGE(D2:D8) -> 3.3449429 | E9: =AVERAGE(E2:E8) -> 3.5383571 | F9: =AVERAGE(F2:F8) -> 3.5334286 | H9: =AVERAGE(H2:H8) -> 4.9780429 | I9: =AVERAGE(I2:I8) -> 7.5478571 | J9: =AVERAGE(J2:J8) -> 11.036614 | K9: =AVERAGE(K2:K8) -> 74.163643
A13: With the seven
A14: leads | B14: pers_vec_noarea (=B(N=1)) | C14: pers_vec_nocount_nooverlap | D14: pers_vec_nooverlap | E14: pers_vec_nocount | F14: PCV | H14: Betti N = 1 | I14: N=5 | J14: N=10 | K14: N=100
A15: all | B15: 3.1442 | C15: 3.1889 | D15: 3.2034 | E15: 3.3405 | F15: 3.3948 | H15: 4.7654 | I15: 12.3759 | J15: 23.5491 | K15: 98.7622
A16: v1 | B16: 3.145 | C16: 3.2196 | D16: 3.2347 | E16: 3.4799 | F16: 3.3562 | H16: 4.7592 | I16: 12.3678 | J16: 23.5473 | K16: 98.7784
A17: v2 | B17: 2.9676 | C17: 3.1892 | D17: 3.1984 | E17: 3.3445 | F17: 3.34659 | H17: 4.7616 | I17: 12.3628 | J17: 23.5199 | K17: 98.6017
A18: v3 | B18: 3.1467 | C18: 3.1837 | D18: 3.1971 | E18: 3.3376 | F18: 3.3962 | H18: 4.7738 | I18: 12.4126 | J18: 23.6284 | K18: 99.2349
A19: v1 & v2 | B19: 3.0694 | C19: 3.2036 | D19: 3.2207 | E19: 3.4616 | F19: 3.3616 | H19: 4.7529 | I19: 12.3513 | J19: 23.5036 | K19: 98.5712
A20: v1 & v3 | B20: 3.105 | C20: 3.1965 | D20: 3.2197 | E20: 3.4669 | F20: 3.3552 | H20: 4.7621 | I20: 12.362 | J20: 23.5095 | K20: 98.4291
A21: v2 & v3 | B21: 3.1127 | C21: 3.1844 | D21: 3.1952 | E21: 3.3405 | F21: 3.3662 | H21: 4.7588 | I21: 12.3595 | J21: 23.5238 | K21: 98.6517
A22: average | B22: =AVERAGE(B15:B21) -> 3.0986571 | C22: =AVERAGE(C15:C21) -> 3.1951286 | D22: =AVERAGE(D15:D21) -> 3.2098857 | E22: =AVERAGE(E15:E21) -> 3.3959286 | F22: =AVERAGE(F15:F21) -> 3.3681129 | H22: =AVERAGE(H15:H21) -> 4.7619714 | I22: =AVERAGE(I15:I21) -> 12.370271 | J22: =AVERAGE(J15:J21) -> 23.540229 | K22: =AVERAGE(K15:K21) -> 98.718457

Sheet R4
A1: leads | B1: pers_vec_noarea (=B(N=1)) | C1: pers_vec_nocount_nooverlap | D1: pers_vec_nooverlap | E1: pers_vec_nocount | F1: PCV | H1: Betti N = 1 | I1: N=5 | J1: N=10 | K1: N=100
A2: all | B2: 3.172 | C2: 3.4028 | D2: 3.3951 | E2: 3.5834 | F2: 3.5819 | H2: 5.0811 | I2: 7.7186 | J2: 11.2857 | K2: 76.2729
A3: v1 | B3: 3.1654 | C3: 3.4264 | D3: 3.3962 | E3: 3.5416 | F3: 3.5849 | H3: 5.1267 | I3: 7.739 | J3: 11.3051 | K3: 76.1436
A4: v2 | B4: 3.1626 | C4: 3.3812 | D4: 3.4408 | E4: 3.571 | F4: 3.6114 | H4: 5.0885 | I4: 7.6874 | J4: 11.295 | K4: 76.1465
A5: v3 | B5: 3.2106 | C5: 3.3624 | D5: 3.4619 | E5: 3.5847 | F5: 3.5536 | H5: 5.0353 | I5: 7.6756 | J5: 11.2833 | K5: 75.8162
A6: v1 & v2 | B6: 3.1672 | C6: 3.4196 | D6: 3.3917 | E6: 3.5612 | F6: 3.549 | H6: 5.1074 | I6: 7.7479 | J6: 11.3289 | K6: 76.2215
A7: v1 & v3 | B7: 3.1647 | C7: 3.3867 | D7: 3.4187 | E7: 3.5618 | F7: 3.566 | H7: 5.1175 | I7: 7.7044 | J7: 11.3008 | K7: 75.9455
A8: v2 & v3 | B8: 3.1686 | C8: 3.3792 | D8: 3.3991 | E8: 3.7006 | F8: 3.5675 | H8: 5.0823 | I8: 7.7166 | J8: 11.271 | K8: 76.0036
A9: average | B9: =AVERAGE(B2:B8) -> 3.1730143 | C9: =AVERAGE(C2:C8) -> 3.3940429 | D9: =AVERAGE(D2:D8) -> 3.4147857 | E9: =AVERAGE(E2:E8) -> 3.5863286 | F9: =AVERAGE(F2:F8) -> 3.5734714 | H9: =AVERAGE(H2:H8) -> 5.0912571 | I9: =AVERAGE(I2:I8) -> 7.7127857 | J9: =AVERAGE(J2:J8) -> 11.295686 | K9: =AVERAGE(K2:K8) -> 76.078543
A13: With the seven
A14: leads | B14: pers_vec_noarea (=B(N=1)) | C14: pers_vec_nocount_nooverlap | D14: pers_vec_nooverlap | E14: pers_vec_nocount | F14: PCV | H14: Betti N = 1 | I14: N=5 | J14: N=10 | K14: N=100
A15: all | B15: 3.1195 | C15: 3.2828 | D15: 3.2714 | E15: 3.4141 | F15: 3.4481 | H15: 4.8809 | I15: 12.7037 | J15: 24.2003 | K15: 101.9113
A16: v1 | B16: 3.12 | C16: 3.3139 | D16: 3.3088 | E16: 3.5549 | F16: 3.4311 | H16: 4.8751 | I16: 12.6856 | J16: 24.1804 | K16: 101.8517
A17: v2 | B17: 3.0308 | C17: 3.2823 | D17: 3.2751 | E17: 3.4165 | F17: 3.4056 | H17: 4.877 | I17: 12.6882 | J17: 24.1662 | K17: 101.6762
A18: v3 | B18: 3.1147 | C18: 3.2763 | D18: 3.263 | E18: 3.4061 | F18: 3.4638 | H18: 4.8865 | I18: 12.7299 | J18: 24.2631 | K18: 102.2891
A19: v1 & v2 | B19: 3.0199 | C19: 3.301 | D19: 3.2894 | E19: 3.5347 | F19: 3.4235 | H19: 4.8589 | I19: 12.6583 | J19: 24.128 | K19: 101.6263
A20: v1 & v3 | B20: 3.0922 | C20: 3.3003 | D20: 3.287 | E20: 3.5417 | F20: 3.4194 | H20: 4.8758 | I20: 12.6743 | J20: 24.1368 | K20: 101.4783
A21: v2 & v3 | B21: 3.0417 | C21: 3.2775 | D21: 3.2662 | E21: 3.4145 | F21: 3.4256 | H21: 4.8687 | I21: 12.6834 | J21: 24.1659 | K21: 101.7336
A22: average | B22: =AVERAGE(B15:B21) -> 3.0769714 | C22: =AVERAGE(C15:C21) -> 3.2905857 | D22: =AVERAGE(D15:D21) -> 3.2801286 | E22: =AVERAGE(E15:E21) -> 3.4689286 | F22: =AVERAGE(F15:F21) -> 3.4310143 | H22: =AVERAGE(H15:H21) -> 4.8747 | I22: =AVERAGE(I15:I21) -> 12.689057 | J22: =AVERAGE(J15:J21) -> 24.177243 | K22: =AVERAGE(K15:K21) -> 101.79521
B24: =AVERAGE('R4'!B22,'R3'!B22,'R2'!B22) -> 3.0442143 | C24: =AVERAGE('R4'!C22,'R3'!C22,'R2'!C22) -> 3.2082333 | D24: =AVERAGE('R4'!D22,'R3'!D22,'R2'!D22) -> 3.2182762 | E24: =AVERAGE('R4'!E22,'R3'!E22,'R2'!E22) -> 3.3648667 | F24: =AVERAGE('R4'!F22,'R3'!F22,'R2'!F22) -> 3.32039 | H24: =AVERAGE('R4'!H22,'R3'!H22,'R2'!H22) -> 4.7594905 | I24: =AVERAGE('R4'!I22,'R3'!I22,'R2'!I22) -> 12.234471 | J24: =AVERAGE('R4'!J22,'R3'!J22,'R2'!J22) -> 23.172148 | K24: =AVERAGE('R4'!K22,'R3'!K22,'R2'!K22) -> 96.651219
H25: 4.0384064
